,0_RfR 0,0_RfR 1,0_RfR 2,1_RfR 0,1_RfR 1,1_RfR 2,2_RfR 0,2_RfR 1,2_RfR 2,3_RfR 0,3_RfR 1,3_RfR 2,4_RfR 0,4_RfR 1,4_RfR 2,EWS_DaysToThreat,A.1_DikeIncrease 0,A.1_DikeIncrease 1,A.1_DikeIncrease 2,A.2_DikeIncrease 0,A.2_DikeIncrease 1,A.2_DikeIncrease 2,A.3_DikeIncrease 0,A.3_DikeIncrease 1,A.3_DikeIncrease 2,A.4_DikeIncrease 0,A.4_DikeIncrease 1,A.4_DikeIncrease 2,A.5_DikeIncrease 0,A.5_DikeIncrease 1,A.5_DikeIncrease 2,A.1_External Costs,A.1_RfR Costs,A.1_Expected Number of Deaths,A.1_Expected Annual Damage,A.2_External Costs,A.2_RfR Costs,A.2_Expected Number of Deaths,A.2_Expected Annual Damage
0,0,0,1,1,1,0,1,1,1,0,1,1,0,1,1,3,0,0,0,2,0,0,5,3,5,3,3,1,7,2,7,0.0,0,0.0,0.0,42818415.0,0,0.0,0.0
1,1,0,1,1,1,0,1,1,1,1,1,1,0,1,0,3,0,0,0,1,0,0,3,2,6,3,3,2,6,2,7,0.0,0,0.0,0.0,38245121.0,0,0.0005149850176271134,4924883.956200778
2,0,1,0,1,1,1,1,1,1,1,1,1,0,1,0,3,0,0,0,0,0,0,4,5,7,7,6,1,1,6,7,0.0,0,0.0,0.0,0.0,0,0.0013590638954540295,13239284.081712097
3,0,0,1,0,0,0,1,1,1,1,1,0,1,0,1,3,0,0,0,0,0,0,2,0,6,6,6,2,6,4,2,0.0,0,0.0023507044095876332,32856655.585844513,0.0,0,0.0,0.0
4,1,0,0,0,0,0,1,1,1,1,1,1,0,0,1,3,0,1,0,0,0,0,6,4,2,0,6,6,3,6,4,32694901.0,0,0.000783568136529211,13123826.124448635,0.0,0,0.000906042596969353,7951160.284491964
5,0,0,1,0,0,0,1,1,1,1,1,1,1,0,1,3,0,0,1,0,0,0,7,3,2,5,6,7,7,1,6,32694901.0,0,0.001567136273058422,26247652.24889727,0.0,0,0.0004530212984846765,2663036.487271832
6,1,0,0,0,0,0,1,1,1,1,1,1,0,1,1,3,0,1,0,1,0,0,4,3,0,6,3,0,0,6,7,32694901.0,0,0.000783568136529211,13123826.124448635,38245121.0,0,0.00034332334508474234,2957753.7181460136
7,0,1,0,0,0,0,1,1,1,1,1,1,0,0,0,3,0,0,1,1,0,0,5,3,5,5,6,6,5,10,6,32694901.0,0,0.001567136273058422,26247652.24889727,38245121.0,0,0.00017166167254237117,990623.4800912496
