,0_RfR 0,0_RfR 1,0_RfR 2,1_RfR 0,1_RfR 1,1_RfR 2,2_RfR 0,2_RfR 1,2_RfR 2,3_RfR 0,3_RfR 1,3_RfR 2,4_RfR 0,4_RfR 1,4_RfR 2,EWS_DaysToThreat,A.1_DikeIncrease 0,A.1_DikeIncrease 1,A.1_DikeIncrease 2,A.2_DikeIncrease 0,A.2_DikeIncrease 1,A.2_DikeIncrease 2,A.3_DikeIncrease 0,A.3_DikeIncrease 1,A.3_DikeIncrease 2,A.4_DikeIncrease 0,A.4_DikeIncrease 1,A.4_DikeIncrease 2,A.5_DikeIncrease 0,A.5_DikeIncrease 1,A.5_DikeIncrease 2,A.1_External Costs,A.1_RfR Costs,A.1_Expected Number of Deaths,A.1_Expected Annual Damage,A.2_External Costs,A.2_RfR Costs,A.2_Expected Number of Deaths,A.2_Expected Annual Damage
0,0,1,0,0,0,0,1,1,1,1,0,1,1,0,1,3,0,0,0,0,0,0,7,5,4,2,3,8,7,5,4,0.0,0,0.003358547619906606,41146436.454664126,0.0,0,0.0,0.0
1,0,1,1,0,0,0,1,1,1,0,0,0,1,0,0,1,0,0,0,1,0,0,6,5,5,5,6,4,3,2,8,0.0,0,0.0,0.0,38245121.0,0,0.0,0.0
2,1,1,0,0,1,0,1,1,1,1,1,1,1,1,1,3,0,0,0,0,0,0,6,1,3,5,2,0,7,6,5,0.0,0,0.0,0.0,0.0,0,0.0006357214939992392,5244130.415410528
3,0,1,0,0,0,0,1,1,1,1,1,1,0,1,0,3,0,1,0,0,0,0,6,6,5,6,6,7,5,3,7,32694901.0,0,0.001119515873302202,9784027.573545897,0.0,0,0.0004238143293328261,3997152.03758235
4,0,1,0,0,0,0,1,1,1,1,1,1,1,0,1,3,0,0,1,0,0,0,6,2,3,2,7,7,2,7,1,32694901.0,0,0.002239031746604404,21717807.034219883,0.0,0,0.00021190716466641305,2476186.888887731
