,A.0_ID flood wave shape,A.1_Bmax,A.1_Brate,A.1_pfail,A.2_Bmax,A.2_Brate,A.2_pfail,A.3_Bmax,A.3_Brate,A.3_pfail,A.4_Bmax,A.4_Brate,A.4_pfail,A.5_Bmax,A.5_Brate,A.5_pfail,discount rate 0,discount rate 1,discount rate 2,composite_ooi
37056,37,147.5941017247115,1.0,2.0997164346088694e-06,286.8534347852991,1.0,0.0389706837955125,289.7580180503315,1.0,0.4041884653594041,68.17641164793477,1.5,0.2554607741147992,279.04467986572115,1.5,0.2261139441181557,3.5,3.5,3.5,2.305843082632544
4380,14,191.47330933907597,1.5,3.01214510764139e-05,171.20912994134605,10.0,0.1148879191911687,200.05055021485651,1.0,0.866653328445024,48.825373930770695,1.0,0.2909392683043693,130.256529281703,1.0,0.9902605691960754,4.5,1.5,1.5,1.9642120274721009
6910,95,243.43045816641717,1.5,8.416715598323963e-05,191.9778549408072,10.0,0.8086000298903434,295.93604015989393,1.5,0.7355889532100327,191.47526043476967,1.5,0.0333786436518011,287.8580375734773,1.0,0.7786502724059277,1.5,2.5,3.5,1.7451228536759351
21741,11,59.83746468490139,1.0,0.0003693018265051,241.43926192152847,1.5,0.9262520839211033,135.42314974915507,10.0,0.5665185721126066,211.20006874946927,1.0,0.1303961680343991,214.2987931100174,1.5,0.4503227048132633,2.5,3.5,2.5,1.6883795886794737
4717,104,40.525349135304566,10.0,0.1610014448657457,187.7891681343176,1.5,0.0103731302415694,205.97901138311724,1.0,0.9587825881724624,340.40248148880795,1.0,0.086791990789858,75.49412624024372,1.5,0.8268553064056016,1.5,1.5,1.5,3.851438575543971
