,A.0_ID flood wave shape,A.1_Bmax,A.1_Brate,A.1_pfail,A.2_Bmax,A.2_Brate,A.2_pfail,A.3_Bmax,A.3_Brate,A.3_pfail,A.4_Bmax,A.4_Brate,A.4_pfail,A.5_Bmax,A.5_Brate,A.5_pfail,discount rate 0,discount rate 1,discount rate 2
17872,35,186.29326866277847,10.0,0.3438118721731584,77.40105135386244,1.0,0.6581469581591801,264.89738492649747,10.0,0.5413362717678564,223.4848942691529,1.0,0.539569758166933,98.0997259974394,1.0,0.3876900098677411,1.5,1.5,4.5
11066,123,108.47785372497054,10.0,0.2032103345575943,283.47831751928607,1.5,0.4328533984650202,222.2294728668864,1.5,0.1408303702721738,40.48953166045579,10.0,0.9699838744336492,315.5597042655916,10.0,0.7452375005172054,3.5,3.5,1.5
18563,104,313.3526115630575,1.0,0.3353586813431863,83.60283225390874,1.5,0.0484824527133757,331.28094389523534,10.0,0.9421711695690684,116.2395686076427,1.0,0.444281460780939,207.83334745813607,10.0,0.9583985195396733,1.5,4.5,4.5
32143,126,340.83554366887194,1.0,0.0490155500124872,113.8550052220252,10.0,0.7579393807724091,332.8881619178228,1.0,0.1300004898587981,131.10710973477674,1.5,0.0751256911799531,81.76937513500226,1.0,0.5328891137657998,3.5,1.5,4.5
5666,104,40.525349135304566,10.0,0.1610014448657457,187.7891681343176,1.5,0.0103731302415694,205.97901138311724,1.0,0.9587825881724624,340.40248148880795,1.0,0.086791990789858,75.49412624024372,1.5,0.8268553064056016,1.5,1.5,1.5
